"","RRMSE","NRMSE","NSE","rBIAS","AMHGflag","rivClass","NA","NA"
"1",0.420112885280799,0.430351762454171,0.715748330823259,0.361011983978126,1,15,15,101
