"","RRMSE","NRMSE","NSE","rBIAS","AMHGflag","rivClass","NA","NA","NA"
"1",0.250143934354354,0.246579796422671,-4.29124774352216,0.186405736823199,1,101,101,101,101
