"","RRMSE","NRMSE","NSE","rBIAS","AMHGflag","rivClass","NA","NA","NA"
"1",0.503317133078884,0.169186181339842,0.952728251990428,-0.116648239585682,1,15,15,15,15
