"","RRMSE","NRMSE","NSE","rBIAS","AMHGflag","rivClass","NA","NA","NA"
"1",1.70550276242035,0.480501664562622,0.792559682069395,0.471735489653523,1,10,10,9,9
