"","RRMSE","NRMSE","NSE","rBIAS","AMHGflag","rivClass","NA","NA","NA"
"1",0.372162573812352,0.532647450801926,0.33094622253117,-0.0305068230775778,1,16,16,16,16
