"","RRMSE","NRMSE","NSE","rBIAS","AMHGflag","rivClass","NA","NA"
"1",0.301863450401383,0.332825881560967,0.0932226702113709,-0.307460930305147,1,15,101,15
