"","RRMSE","NRMSE","NSE","rBIAS","AMHGflag","rivClass","NA","NA","NA"
"1",0.131231541702091,0.18812001604549,0.901725960067238,-0.143860632185598,1,15,15,15,15
