"","RRMSE","NRMSE","NSE","rBIAS","AMHGflag","rivClass","NA","NA","NA","NA"
"1",0.103628877271387,0.191096633247844,0.940869325270604,-0.0984056526474342,1,15,15,15,101,101
