"","RRMSE","NRMSE","NSE","rBIAS","AMHGflag","rivClass","NA","NA","NA"
"1",0.423496083153708,0.476878791200144,0.482010845138151,-0.413631033381258,1,15,15,15,15
