"","RRMSE","NRMSE","NSE","rBIAS","AMHGflag","rivClass","NA","NA","NA"
"1",0.0709154090993057,0.0735685070983428,0.528993388693711,-0.069110696328287,0,101,101,101,101
