cluster,count,mean,std,min,25%,50%,75%,max
-1,66.0,1.3459371527399733,1.5552206860421087,-1.4873395118420647,0.2882743960959621,0.9529360669670633,1.942648088125273,8.037716275777314
0,1224.0,0.8022906407059872,0.7968415127400906,-1.6944629838909577,0.26184404500365505,0.7225920089030783,1.2774693220732871,3.885278632169215
1,23.0,0.8163532548295377,1.1744595840454854,-2.5804711263523554,0.12086067800704656,0.9777094821982261,1.503273990230328,2.701880635689579
2,11.0,1.0955088323794382,0.8562209197590521,-0.18814903107808187,0.4694561260996667,1.230106833700585,1.6215166800158811,2.468097756673623
3,25.0,0.07378862445979213,1.205119078181973,-2.297051296544484,-0.6846195351511919,0.3038218769496856,0.7177933598112983,2.3118886331731945
4,6.0,0.7709647853611878,0.7447226268181744,-0.37424313199677406,0.39893346316333966,0.9177853115540002,1.1002316948355018,1.7774312180934457
5,22.0,0.5125871362853451,0.9553761284053003,-0.6360776874793699,-0.12479918982187817,0.14143168425234853,0.8690347863384796,2.674955812206598
6,32.0,-0.16383773980852134,0.42937788245505704,-0.827781182776363,-0.4006376875018546,-0.2483901755685562,0.06746498797904035,0.9913606997767457
