"","RRMSE","NRMSE","NSE","rBIAS","AMHGflag","rivClass","NA","NA","NA"
"1",0.113731702550369,0.166886227013165,0.922658999144738,-0.125753707562372,1,0,0,0,0
