"","RRMSE","NRMSE","NSE","rBIAS","AMHGflag","rivClass","NA","NA","NA"
"1",0.180468910183053,0.178179583023652,-1.76286072888365,-0.177306642114421,0,-1,-1,-1,0
