"","RRMSE","NRMSE","NSE","rBIAS","AMHGflag","rivClass","NA","NA"
"1",0.420020968684612,0.432371105451336,0.713074479504603,0.362110043670787,1,0,0,0
