"","RRMSE","NRMSE","NSE","rBIAS","AMHGflag","rivClass","NA","NA","NA"
"1",0.495187780251162,0.183772769540536,0.944225689983217,-0.128993798951133,1,0,0,0,0
