"","RRMSE","NRMSE","NSE","rBIAS","AMHGflag","rivClass","NA","NA"
"1",0.300275488794386,0.331801317725279,0.0987968837872157,-0.306150977056408,1,0,0,0
