"","RRMSE","NRMSE","NSE","rBIAS","AMHGflag","rivClass","NA","NA","NA","NA"
"1",0.124331000407651,0.244637489173919,0.903093527571802,-0.144886195306782,1,0,0,0,0,0
