"","RRMSE","NRMSE","NSE","rBIAS","AMHGflag","rivClass","NA","NA","NA"
"1",1.78112590787523,0.502694325698534,0.772955313583207,0.493279683964691,1,0,0,0,0
