"","RRMSE","NRMSE","NSE","rBIAS","AMHGflag","rivClass","NA","NA","NA"
"1",0.376472122456977,0.530244719839583,0.336968706799222,-0.0331976086879674,1,0,0,0,0
