"","RRMSE","NRMSE","NSE","rBIAS","AMHGflag","rivClass","NA","NA","NA","NA","NA","NA","NA"
"1",0.798996159440583,0.311373459706425,0.741510455195431,0.297525600919385,1,0,0,0,0,0,0,0,0
