"","RRMSE","NRMSE","NSE","rBIAS","AMHGflag","rivClass","NA","NA","NA"
"1",0.41871696926882,0.470631997956144,0.495492585124541,-0.408619722771323,1,0,0,0,0
