"","RRMSE","NRMSE","NSE","rBIAS","AMHGflag","rivClass","NA","NA","NA"
"1",0.150952385610259,0.155665126310004,-1.10875329239675,0.055698648150763,1,-1,-1,-1,-1
