"","RRMSE","NRMSE","NSE","rBIAS"
"1",0.661425515978707,0.605502378162368,0.437286209971667,-0.243650766747662
