"","RRMSE","NRMSE","NSE","rBIAS"
"1",0.850011951523616,0.277513488410769,0.794672088057949,0.213314182464598
