"","RRMSE","NRMSE","NSE","rBIAS"
"1",0.587400766495426,0.317105901400398,0.833934072910593,-0.179519455289454
