"","RRMSE","NRMSE","NSE","rBIAS"
"1",1.53710987578767,0.773332246701407,-0.464432403663662,0.734307173643833
