"","RRMSE","NRMSE","NSE","rBIAS"
"1",0.722504127091454,0.729840153746467,-24.4079600108536,-0.722401215791564
