"","RRMSE","NRMSE","NSE","rBIAS"
"1",1.23082782146909,0.437114277907028,0.831522834050011,0.271224159162085
