"","RRMSE","NRMSE","NSE","rBIAS"
"1",0.303626737907812,0.357524000819582,-0.0463497503495744,-0.316763865010541
