"","RRMSE","NRMSE","NSE","rBIAS"
"1",0.195761062318217,0.360896210233716,0.789102512228923,-0.238263169426458
