"","RRMSE","NRMSE","NSE","rBIAS"
"1",0.126560497163063,0.233242797043418,0.848927548327345,-0.145572359600358
