"","RRMSE","NRMSE","NSE","rBIAS"
"1",0.510273830814055,0.785189822467252,-0.260906654834899,-0.569170664448015
