"","RRMSE","NRMSE","NSE","rBIAS"
"1",0.154689073911962,0.15734268145865,-1.15444896708749,-0.154583237195184
