"","RRMSE","NRMSE","NSE","rBIAS"
"1",0.198216989941815,0.191875143656704,-2.20391180662968,0.0972353217889178
