"","RRMSE","NRMSE","NSE","rBIAS"
"1",1.69035067916117,0.423179179459393,0.839101512852125,0.25745450245876
