"","RRMSE","NRMSE","NSE","rBIAS"
"1",0.489914964687598,0.854965718560438,-0.744667791073069,0.55576257080051
