"","RRMSE","NRMSE","NSE","rBIAS"
"1",0.296526577636845,0.513021140639592,0.689169694080635,-0.338815197705737
