"","RRMSE","NRMSE","NSE","rBIAS"
"1",0.405261179631633,0.489462288227527,0.454313608351874,-0.409447178997359
