"","RRMSE","NRMSE","NSE","rBIAS"
"1",0.433030213419383,0.391134547593734,-0.253659852613469,-0.387913985206021
