"","RRMSE","NRMSE","NSE","rBIAS"
"1",1.19416211052382,0.977781661709215,-1.4722118606566,0.934831939410486
