"","RRMSE","NRMSE","NSE","rBIAS"
"1",0.37518162862292,0.596633344424957,0.160547041365133,0.019075679949481
